,housing_starts,mortgage_rate,shelter_cpi,pce,unemployment,fed_funds
2000-01-01,1636.0,8.21,229.89,6542.9,4.0,5.45
2000-02-01,1737.0,8.325,229.89,6625.3,4.1,5.73
2000-03-01,1604.0,8.24,229.89,6686.5,4.0,5.85
2000-04-01,1626.0,8.1525,233.65,6679.1,3.8,6.02
2000-05-01,1575.0,8.515,233.65,6709.7,4.0,6.27
2000-06-01,1559.0,8.288,233.65,6746.9,4.0,6.53
2000-07-01,1463.0,8.1475,237.9,6768.5,4.0,6.54
2000-08-01,1541.0,8.0275,237.9,6802.8,4.1,6.5
2000-09-01,1507.0,7.912000000000001,237.9,6888.6,3.9,6.52
2000-10-01,1549.0,7.795,241.54,6893.8,3.9,6.51
2000-11-01,1551.0,7.745,241.54,6909.8,3.9,6.51
2000-12-01,1532.0,7.382,241.54,6952.2,3.9,6.4
2001-01-01,1600.0,7.0325,247.53,6987.4,4.2,5.98
2001-02-01,1625.0,7.05,247.53,7001.8,4.2,5.49
2001-03-01,1590.0,6.952,247.53,6996.7,4.3,5.31
2001-04-01,1649.0,7.0775,251.68,7004.2,4.4,4.8
2001-05-01,1605.0,7.145,251.68,7052.8,4.3,4.21
2001-06-01,1636.0,7.159999999999999,251.68,7069.7,4.5,3.97
2001-07-01,1670.0,7.1275,255.57,7082.3,4.6,3.77
2001-08-01,1567.0,6.95,255.57,7121.7,4.9,3.65
2001-09-01,1562.0,6.8175,255.57,7007.0,5.0,3.07
2001-10-01,1540.0,6.6175,258.74,7212.9,5.3,2.49
2001-11-01,1602.0,6.6579999999999995,258.74,7182.3,5.5,2.09
2001-12-01,1568.0,7.0649999999999995,258.74,7166.7,5.7,1.82
2002-01-01,1698.0,6.9975,262.44,7184.6,5.7,1.73
2002-02-01,1829.0,6.8925,262.44,7225.2,5.7,1.74
2002-03-01,1642.0,7.014,262.44,7243.4,5.7,1.73
2002-04-01,1592.0,6.985,266.92,7312.5,5.9,1.75
2002-05-01,1764.0,6.806,266.92,7288.9,5.8,1.75
2002-06-01,1717.0,6.65,266.92,7322.5,5.8,1.75
2002-07-01,1655.0,6.485,272.21,7387.3,5.8,1.73
2002-08-01,1633.0,6.29,272.21,7412.6,5.7,1.74
2002-09-01,1804.0,6.0925,272.21,7391.5,5.7,1.75
2002-10-01,1648.0,6.1125,276.08,7435.2,5.7,1.75
2002-11-01,1753.0,6.068,276.08,7463.8,5.9,1.34
2002-12-01,1788.0,6.0475,276.08,7519.9,6.0,1.24
2003-01-01,1853.0,5.9159999999999995,279.44,7541.3,5.8,1.24
2003-02-01,1629.0,5.8425,279.44,7548.6,5.9,1.26
2003-03-01,1726.0,5.745,279.44,7611.5,5.9,1.25
2003-04-01,1643.0,5.8125,282.85,7634.5,6.0,1.26
2003-05-01,1751.0,5.484,282.85,7650.3,6.1,1.26
2003-06-01,1867.0,5.23,282.85,7699.6,6.3,1.22
2003-07-01,1897.0,5.6325,287.22,7757.0,6.2,1.01
2003-08-01,1833.0,6.264,287.22,7852.1,6.1,1.03
2003-09-01,1939.0,6.1475,287.22,7853.7,6.1,1.01
2003-10-01,1967.0,5.952,295.33,7867.4,6.0,1.01
2003-11-01,2083.0,5.9325,295.33,7922.6,5.8,1.0
2003-12-01,2057.0,5.8759999999999994,295.33,7950.4,5.7,0.98
2004-01-01,1911.0,5.7125,299.98,8007.1,5.7,1.0
2004-02-01,1846.0,5.635,299.98,8040.4,5.6,1.01
2004-03-01,1998.0,5.445,299.98,8098.8,5.8,1.0
2004-04-01,2003.0,5.83,307.31,8107.2,5.6,1.0
2004-05-01,1981.0,6.27,307.31,8176.5,5.6,1.0
2004-06-01,1828.0,6.2875,307.31,8157.6,5.6,1.03
2004-07-01,2002.0,6.056,319.01,8236.9,5.5,1.26
2004-08-01,2024.0,5.8675,319.01,8271.6,5.4,1.43
2004-09-01,1905.0,5.754,319.01,8341.5,5.4,1.61
2004-10-01,2072.0,5.7225,325.86,8397.1,5.5,1.76
2004-11-01,1782.0,5.73,325.86,8444.5,5.4,1.93
2004-12-01,2042.0,5.752,325.86,8504.4,5.4,2.16
2005-01-01,2144.0,5.71,333.34,8497.7,5.3,2.28
2005-02-01,2207.0,5.6275,333.34,8559.1,5.4,2.5
2005-03-01,1864.0,5.928,333.34,8598.4,5.2,2.63
2005-04-01,2061.0,5.855,344.03,8678.4,5.2,2.79
2005-05-01,2025.0,5.72,344.03,8671.6,5.1,3.0
2005-06-01,2068.0,5.582,344.03,8753.4,5.0,3.04
2005-07-01,2054.0,5.695,354.45,8853.8,5.0,3.26
2005-08-01,2095.0,5.82,354.45,8850.1,4.9,3.5
2005-09-01,2151.0,5.774,354.45,8900.4,5.0,3.62
2005-10-01,2065.0,6.065,362.49,8938.5,5.0,3.78
2005-11-01,2147.0,6.33,362.49,8946.2,5.0,4.0
2005-12-01,1994.0,6.272,362.49,8981.1,4.9,4.16
2006-01-01,2273.0,6.145,368.22,9071.6,4.7,4.29
2006-02-01,2119.0,6.2525,368.22,9096.0,4.8,4.49
2006-03-01,1969.0,6.324,368.22,9132.9,4.7,4.59
2006-04-01,1821.0,6.5075,372.01,9191.6,4.7,4.79
2006-05-01,1942.0,6.5975,372.01,9231.8,4.6,4.94
2006-06-01,1802.0,6.6819999999999995,372.01,9259.6,4.6,4.99
2006-07-01,1737.0,6.7625,375.06,9343.8,4.7,5.24
2006-08-01,1650.0,6.523999999999999,375.06,9342.2,4.7,5.25
2006-09-01,1720.0,6.4025,375.06,9375.4,4.5,5.25
2006-10-01,1491.0,6.3575,378.91,9393.6,4.4,5.25
2006-11-01,1570.0,6.24,378.91,9400.2,4.5,5.25
2006-12-01,1649.0,6.135,378.91,9488.3,4.4,5.24
2007-01-01,1409.0,6.2175,380.31,9538.7,4.6,5.25
2007-02-01,1480.0,6.285,380.31,9566.0,4.5,5.26
2007-03-01,1495.0,6.156000000000001,380.31,9611.7,4.4,5.26
2007-04-01,1490.0,6.18,380.07,9643.6,4.5,5.25
2007-05-01,1415.0,6.2620000000000005,380.07,9685.8,4.4,5.25
2007-06-01,1448.0,6.657500000000001,380.07,9706.8,4.6,5.25
2007-07-01,1354.0,6.695,375.82,9751.1,4.7,5.26
2007-08-01,1330.0,6.572,375.82,9798.9,4.6,5.02
2007-09-01,1183.0,6.3825,375.82,9845.1,4.7,4.94
2007-10-01,1264.0,6.375,374.59,9882.7,4.7,4.76
2007-11-01,1197.0,6.208,374.59,9955.9,4.7,4.49
2007-12-01,1037.0,6.095,374.59,9972.8,5.0,4.24
2008-01-01,1084.0,5.758,371.83,9996.4,5.0,3.94
2008-02-01,1103.0,5.9175,371.83,9981.7,4.9,2.98
2008-03-01,1005.0,5.97,371.83,10035.3,5.1,2.61
2008-04-01,1013.0,5.9175,362.43,10070.3,5.0,2.28
2008-05-01,973.0,6.036,362.43,10132.3,5.4,1.98
2008-06-01,1046.0,6.32,362.43,10187.1,5.6,2.0
2008-07-01,923.0,6.425999999999999,351.02,10185.1,5.8,2.01
2008-08-01,844.0,6.4775,351.02,10175.7,6.1,2.0
2008-09-01,820.0,6.0375,351.02,10116.4,6.1,1.81
2008-10-01,777.0,6.2,347.78,10034.1,6.5,0.97
2008-11-01,652.0,6.0875,347.78,9885.2,6.8,0.39
2008-12-01,560.0,5.286,347.78,9801.5,7.3,0.16
2009-01-01,490.0,5.047499999999999,350.34,9847.2,7.8,0.15
2009-02-01,582.0,5.13,350.34,9824.5,8.3,0.22
2009-03-01,505.0,5.0025,350.34,9773.2,8.7,0.18
2009-04-01,478.0,4.8100000000000005,341.17,9772.5,9.0,0.15
2009-05-01,540.0,4.8575,341.17,9791.6,9.4,0.18
2009-06-01,585.0,5.42,341.17,9852.4,9.5,0.21
2009-07-01,594.0,5.2219999999999995,332.27,9886.3,9.5,0.16
2009-08-01,586.0,5.1925,332.27,10004.1,9.6,0.16
2009-09-01,585.0,5.0575,332.27,9927.8,9.8,0.15
2009-10-01,534.0,4.952,329.73,9976.7,10.0,0.12
2009-11-01,588.0,4.875,329.73,9985.7,9.9,0.12
2009-12-01,581.0,4.93,329.73,10052.6,9.9,0.12
2010-01-01,614.0,5.03,325.8,10056.1,9.8,0.11
2010-02-01,604.0,4.99,325.8,10093.4,9.8,0.13
2010-03-01,636.0,4.9675,325.8,10156.0,9.9,0.16
2010-04-01,687.0,5.098000000000001,322.84,10182.3,9.9,0.2
2010-05-01,583.0,4.8875,322.84,10210.8,9.6,0.2
2010-06-01,536.0,4.7375,322.84,10231.3,9.4,0.18
2010-07-01,546.0,4.564,325.96,10268.1,9.4,0.18
2010-08-01,599.0,4.4275,325.96,10307.1,9.5,0.19
2010-09-01,594.0,4.346,325.96,10327.1,9.5,0.19
2010-10-01,543.0,4.225,323.64,10386.4,9.4,0.19
2010-11-01,545.0,4.3,323.64,10433.6,9.8,0.19
2010-12-01,539.0,4.714,323.64,10471.0,9.3,0.18
2011-01-01,630.0,4.755,314.65,10514.3,9.1,0.17
2011-02-01,517.0,4.9525,314.65,10540.6,9.0,0.16
2011-03-01,600.0,4.836,314.65,10619.7,9.0,0.14
2011-04-01,554.0,4.84,309.1,10652.1,9.1,0.1
2011-05-01,561.0,4.6375,309.1,10672.2,9.0,0.09
2011-06-01,608.0,4.51,309.1,10694.8,9.1,0.09
2011-07-01,623.0,4.545,311.4,10731.6,9.0,0.07
2011-08-01,585.0,4.27,311.4,10750.3,9.0,0.1
2011-09-01,650.0,4.106,311.4,10783.2,9.0,0.08
2011-10-01,610.0,4.0675,312.84,10802.9,8.8,0.07
2011-11-01,711.0,3.9925,312.84,10806.8,8.6,0.08
2011-12-01,694.0,3.9579999999999997,312.84,10817.8,8.5,0.07
2012-01-01,723.0,3.915,309.55,10896.8,8.3,0.08
2012-02-01,704.0,3.89,309.55,10987.2,8.3,0.1
2012-03-01,695.0,3.9539999999999997,309.55,10993.9,8.2,0.13
2012-04-01,753.0,3.91,308.14,11018.5,8.2,0.14
2012-05-01,708.0,3.7979999999999996,308.14,11006.8,8.2,0.16
2012-06-01,757.0,3.675,308.14,10989.8,8.2,0.16
2012-07-01,740.0,3.55,312.23,11016.8,8.2,0.16
2012-08-01,754.0,3.6019999999999994,312.23,11056.0,8.1,0.13
2012-09-01,847.0,3.4975,312.23,11105.3,7.8,0.14
2012-10-01,915.0,3.3825000000000003,314.69,11137.4,7.8,0.16
2012-11-01,833.0,3.3519999999999994,314.69,11178.4,7.7,0.16
2012-12-01,976.0,3.3449999999999998,314.69,11181.2,7.9,0.16
2013-01-01,888.0,3.414,316.24,11252.4,8.0,0.14
2013-02-01,962.0,3.5324999999999998,316.24,11290.5,7.7,0.15
2013-03-01,1010.0,3.565,316.24,11290.1,7.5,0.14
2013-04-01,835.0,3.4450000000000003,321.06,11281.1,7.6,0.15
2013-05-01,930.0,3.536,321.06,11321.6,7.5,0.11
2013-06-01,839.0,4.07,321.06,11344.4,7.5,0.09
2013-07-01,880.0,4.37,325.59,11372.6,7.3,0.09
2013-08-01,917.0,4.456,325.59,11406.6,7.2,0.08
2013-09-01,850.0,4.49,325.59,11445.9,7.2,0.08
2013-10-01,925.0,4.192,328.17,11498.0,7.2,0.09
2013-11-01,1100.0,4.255,328.17,11562.5,6.9,0.08
2013-12-01,1002.0,4.4575,328.17,11593.2,6.7,0.09
2014-01-01,888.0,4.432,330.84,11578.8,6.6,0.07
2014-02-01,944.0,4.3025,330.84,11636.9,6.7,0.07
2014-03-01,970.0,4.3425,330.84,11722.3,6.7,0.08
2014-04-01,1043.0,4.3375,337.26,11762.3,6.2,0.09
2014-05-01,1007.0,4.192,337.26,11807.3,6.3,0.09
2014-06-01,911.0,4.1625,337.26,11861.7,6.1,0.1
2014-07-01,1085.0,4.13,342.1,11904.4,6.2,0.09
2014-08-01,984.0,4.115,342.1,11983.7,6.1,0.09
2014-09-01,1023.0,4.1625,342.1,11991.4,5.9,0.09
2014-10-01,1074.0,4.036,344.88,12064.7,5.7,0.09
2014-11-01,1001.0,3.9975,344.88,12083.9,5.8,0.09
2014-12-01,1073.0,3.864,344.88,12096.1,5.6,0.12
2015-01-01,1085.0,3.67,348.69,12066.7,5.7,0.11
2015-02-01,886.0,3.71,348.69,12116.6,5.5,0.11
2015-03-01,960.0,3.77,348.69,12176.1,5.4,0.11
2015-04-01,1190.0,3.6719999999999997,354.32,12209.1,5.4,0.12
2015-05-01,1079.0,3.84,354.32,12275.4,5.6,0.12
2015-06-01,1205.0,3.9825,354.32,12307.9,5.3,0.13
2015-07-01,1146.0,4.046,359.33,12364.9,5.2,0.13
2015-08-01,1130.0,3.9050000000000002,359.33,12396.2,5.1,0.14
2015-09-01,1224.0,3.89,359.33,12386.4,5.0,0.14
2015-10-01,1058.0,3.7960000000000003,362.2,12394.9,5.0,0.12
2015-11-01,1172.0,3.9425,362.2,12423.2,5.1,0.12
2015-12-01,1146.0,3.964,362.2,12452.0,5.0,0.24
2016-01-01,1092.0,3.8725,365.54,12478.0,4.8,0.34
2016-02-01,1225.0,3.66,365.54,12554.5,4.9,0.38
2016-03-01,1111.0,3.694,365.54,12537.0,5.0,0.36
2016-04-01,1163.0,3.605,372.35,12611.5,5.1,0.37
2016-05-01,1148.0,3.6,372.35,12652.7,4.8,0.37
2016-06-01,1203.0,3.568,372.35,12731.2,4.9,0.38
2016-07-01,1239.0,3.44,379.01,12756.7,4.8,0.39
2016-08-01,1171.0,3.435,379.01,12788.1,4.9,0.4
2016-09-01,1068.0,3.46,379.01,12846.6,5.0,0.4
2016-10-01,1313.0,3.47,381.92,12867.0,4.9,0.4
2016-11-01,1140.0,3.77,381.92,12893.0,4.7,0.41
2016-12-01,1252.0,4.198,381.92,13005.9,4.7,0.54
2017-01-01,1190.0,4.15,384.6,13063.7,4.7,0.65
2017-02-01,1271.0,4.1675,384.6,13088.4,4.6,0.66
2017-03-01,1190.0,4.196,384.6,13139.9,4.4,0.79
2017-04-01,1146.0,4.045,393.19,13169.2,4.4,0.9
2017-05-01,1157.0,4.01,393.19,13171.9,4.4,0.91
2017-06-01,1249.0,3.904,393.19,13225.2,4.3,1.04
2017-07-01,1206.0,3.9675000000000002,399.24,13263.3,4.3,1.15
2017-08-01,1159.0,3.88,399.24,13294.6,4.4,1.16
2017-09-01,1181.0,3.8049999999999997,399.24,13417.3,4.3,1.15
2017-10-01,1257.0,3.895,402.55,13447.5,4.2,1.15
2017-11-01,1273.0,3.9219999999999997,402.55,13540.6,4.2,1.16
2017-12-01,1177.0,3.95,402.55,13666.1,4.1,1.3
2018-01-01,1299.0,4.032500000000001,408.18,13703.3,4.0,1.41
2018-02-01,1277.0,4.33,408.18,13738.7,4.1,1.42
2018-03-01,1318.0,4.444,408.18,13793.2,4.0,1.51
2018-04-01,1276.0,4.4675,415.67,13838.4,4.0,1.69
2018-05-01,1357.0,4.586,415.67,13905.0,3.8,1.7
2018-06-01,1192.0,4.57,415.67,13930.4,4.0,1.82
2018-07-01,1208.0,4.5275,420.75,13974.8,3.8,1.91
2018-08-01,1288.0,4.55,420.75,14014.0,3.8,1.91
2018-09-01,1250.0,4.6274999999999995,420.75,14017.8,3.7,1.95
2018-10-01,1221.0,4.83,422.16,14083.1,3.8,2.19
2018-11-01,1181.0,4.866,422.16,14162.9,3.8,2.2
2018-12-01,1095.0,4.6375,422.16,14051.6,3.9,2.27
2019-01-01,1226.0,4.464,426.9,14084.6,4.0,2.4
2019-02-01,1121.0,4.37,426.9,14117.4,3.8,2.4
2019-03-01,1191.0,4.265,426.9,14248.6,3.8,2.41
2019-04-01,1272.0,4.1425,434.06,14290.0,3.7,2.42
2019-05-01,1293.0,4.072,434.06,14353.3,3.6,2.39
2019-06-01,1243.0,3.8024999999999998,434.06,14408.7,3.6,2.38
2019-07-01,1240.0,3.765,439.59,14496.0,3.7,2.4
2019-08-01,1375.0,3.6159999999999997,439.59,14558.2,3.6,2.13
2019-09-01,1311.0,3.605,439.59,14590.6,3.5,2.04
2019-10-01,1325.0,3.6879999999999997,443.49,14617.4,3.6,1.83
2019-11-01,1353.0,3.6950000000000003,443.49,14711.0,3.6,1.55
2019-12-01,1548.0,3.72,443.49,14774.8,3.6,1.55
2020-01-01,1581.0,3.624,448.64,14868.3,3.6,1.55
2020-02-01,1549.0,3.4650000000000003,448.64,14828.1,3.5,1.58
2020-03-01,1266.0,3.45,448.64,13812.8,4.4,0.65
2020-04-01,936.0,3.306,453.17,12249.2,14.8,0.05
2020-05-01,1039.0,3.2325,453.17,13281.5,13.2,0.05
2020-06-01,1266.0,3.1625,453.17,14049.2,11.0,0.08
2020-07-01,1526.0,3.016,461.18,14307.2,10.2,0.09
2020-08-01,1396.0,2.935,461.18,14462.2,8.4,0.1
2020-09-01,1473.0,2.89,461.18,14668.1,7.8,0.09
2020-10-01,1543.0,2.834,471.28,14725.8,6.9,0.09
2020-11-01,1543.0,2.765,471.28,14701.6,6.7,0.09
2020-12-01,1614.0,2.684,471.28,14822.0,6.7,0.09
2021-01-01,1624.0,2.735,482.7,15073.0,6.4,0.09
2021-02-01,1398.0,2.81,482.7,14983.5,6.2,0.08
2021-03-01,1688.0,3.0825,482.7,15709.7,6.1,0.07
2021-04-01,1489.0,3.06,509.5,15917.5,6.1,0.07
2021-05-01,1600.0,2.9625,509.5,15973.5,5.8,0.06
2021-06-01,1664.0,2.975,509.5,16191.7,5.9,0.08
2021-07-01,1600.0,2.868,537.83,16239.7,5.4,0.1
2021-08-01,1596.0,2.8425000000000002,537.83,16412.9,5.1,0.09
2021-09-01,1576.0,2.9,537.83,16489.6,4.7,0.08
2021-10-01,1587.0,3.0675,556.16,16704.2,4.5,0.08
2021-11-01,1707.0,3.0675,556.16,16849.8,4.1,0.08
2021-12-01,1711.0,3.098,556.16,16891.0,3.9,0.08
2022-01-01,1693.0,3.4450000000000003,576.39,16993.8,4.0,0.08
2022-02-01,1730.0,3.7625,576.39,17106.0,3.9,0.08
2022-03-01,1700.0,4.172,576.39,17347.2,3.7,0.2
2022-04-01,1807.0,4.9825,613.46,17490.0,3.7,0.33
2022-05-01,1546.0,5.2299999999999995,613.46,17574.5,3.6,0.77
2022-06-01,1556.0,5.522,613.46,17755.2,3.6,1.21
2022-07-01,1382.0,5.4125,622.86,17770.1,3.5,1.68
2022-08-01,1532.0,5.2225,622.86,17916.5,3.6,2.33
2022-09-01,1481.0,6.112,622.86,17992.8,3.5,2.56
2022-10-01,1446.0,6.9,616.15,18109.6,3.6,3.08
2022-11-01,1434.0,6.805,616.15,18108.0,3.6,3.78
2022-12-01,1296.0,6.364,616.15,18116.5,3.5,4.1
2023-01-01,1358.0,6.2725,619.69,18449.1,3.5,4.33
2023-02-01,1395.0,6.2575,619.69,18491.6,3.6,4.57
2023-03-01,1366.0,6.544,619.69,18520.4,3.5,4.65
2023-04-01,1343.0,6.342499999999999,637.85,18641.8,3.4,4.83
2023-05-01,1609.0,6.425,637.85,18664.6,3.6,5.06
2023-06-01,1420.0,6.714,637.85,18773.0,3.6,5.08
2023-07-01,1464.0,6.84,648.28,18884.2,3.5,5.12
2023-08-01,1321.0,7.072,648.28,18953.3,3.7,5.33
2023-09-01,1369.0,7.2,648.28,19048.1,3.7,5.33
2023-10-01,1380.0,7.62,648.4,19109.4,3.9,5.33
2023-11-01,1522.0,7.442,648.4,19178.9,3.7,5.33
2023-12-01,1504.0,6.815,648.4,19283.5,3.8,5.33
2024-01-01,1378.0,6.6425,657.59,19303.3,3.7,5.33
2024-02-01,1555.0,6.776000000000001,657.59,19446.5,3.9,5.33
2024-03-01,1297.0,6.82,657.59,19581.8,3.9,5.33
2024-04-01,1379.0,6.9925,673.16,19665.7,3.9,5.33
2024-05-01,1329.0,7.06,673.16,19758.0,3.9,5.33
2024-06-01,1318.0,6.9175,673.16,19844.5,4.1,5.33
2024-07-01,1269.0,6.8475,679.81,19949.5,4.2,5.33
2024-08-01,1394.0,6.5,679.81,20001.3,4.2,5.33
2024-09-01,1357.0,6.18,679.81,20147.6,4.1,5.13
2024-10-01,1370.0,6.428,683.47,20226.0,4.1,4.83
2024-11-01,1300.0,6.805,683.47,20313.6,4.2,4.64
2024-12-01,1494.0,6.715,683.47,20514.3,4.1,4.48
2025-01-01,1353.0,6.958,688.42,20462.2,4.0,4.33
2025-02-01,1491.0,6.842499999999999,688.42,20519.8,4.2,4.33
2025-03-01,1346.0,6.65,688.42,20683.0,4.2,4.33
2025-04-01,1400.0,6.725,698.69,20746.4,4.2,4.33
2025-05-01,1289.0,6.816,698.69,20755.0,4.3,4.33
2025-06-01,1379.0,6.8175,698.69,20868.4,4.1,4.33
2025-07-01,1432.0,6.720000000000001,703.04,21007.3,4.3,4.33
2025-08-01,1291.0,6.5875,703.04,21123.8,4.3,4.33
2025-09-01,1319.0,6.3525,703.04,21202.4,4.4,4.22
2025-10-01,1273.0,6.254,707.22,21288.1,4.4,4.09
2025-11-01,1319.0,6.2375,707.22,21356.0,4.5,3.88
2025-12-01,1378.0,6.1899999999999995,707.22,21445.9,4.4,3.72
2026-01-01,1385.0,6.1025,712.2,21478.7,4.3,3.64
2026-02-01,1346.0,6.0475,712.2,21611.4,4.4,3.64
2026-03-01,1522.0,6.1775,712.2,21814.7,4.3,3.64
2026-04-01,1414.0,6.332,719.87,21949.5,4.3,3.64
2026-05-01,1182.0,6.4425,719.87,22136.8,4.3,3.63
2026-06-01,1439.0,6.49,719.87,22214.2,4.2,3.63
2026-07-01,1309.0,6.542,719.87,22250.4,4.1,3.63
2026-08-01,1275.0,6.6675,719.87,22250.4,4.1,3.63
2026-09-01,1275.0,6.8625,719.87,22250.4,4.1,3.63
